{"labelsOn":false,"refreshRate":500,"height":21,"backgroundColor":[1,1,1,0.1],"cpu":{"enabled":true,"width":40,"colors":[[1,1,1,1],[1,1,1,1],[1,1,1,1],[1,1,1,1],[1,1,1,1],[1,1,1,1],[1,1,1,1],[1,1,1,1]]},"mem":{"enabled":true,"width":40,"colors":[[1,1,1,1],[0.6,0.6,0.6,0.8],[0.8,0.8,0.8,0.8],[0.9,0.9,0.9,0.1]],"swapcolors":[[1,1,1,0.15]]},"net":{"enabled":true,"autoscale":false,"width":40,"devices":{"eth0":{"enabled":true,"show":true,"colors":[[1,1,1,0.8],[0,0,0,0.6]]},"eth1":{"enabled":true,"show":true,"colors":[[1,1,1,0.8],[0,0,0,0.6]]}}},"disk":{"enabled":true,"width":40,"devices":{"/":{"enabled":true,"show":true,"colors":[[1,1,1,1],[0.6,0.6,0.6,0.8]]},"Patriot_8GB":{"enabled":true,"show":true,"colors":[[0.3058823529411765,0.6039215686274509,0.023529411764705882,1],[0.5411764705882353,0.8862745098039215,0.20392156862745098,1]]},"PATRIOTXT":{"enabled":true,"show":true,"colors":[[0.807843137254902,0.3607843137254902,0,1],[0.9882352941176471,0.6862745098039216,0.24313725490196078,1]]}}}}